id;license;rightsHolder;institutionCode;collectionCode;basisOfRecord;occurrenceID;catalogNumber;recordNumber;recordedBy;establishmentMeans;eventDate;year;month;day;collectionCode;locality;decimalLatitude;decimalLongitude;coordinateUncertaintyInMeters;coordinatePrecision;identifiedBy;dateIdentified;typeStatus;scientificName;kingdom;phylum;class;order;family;genus;infraspecificEpithet;taxonRank
ba6682e4-992c-459c-b919-907b8e054f69;CC_BY_4_0;;CEN;;occurrence;ba6682e4-992c-459c-b919-907b8e054f69;19534788;19706.0;Sebastio Pinheiro Cordovil da Silva;;1992-10-08T00:00:00Z;1992.0;10.0;8.0;BRA;Fazenda Aranha a 8 km do Crrego Castelo.;;;;;;;;Xanthosoma pentaphyllum Engl.;Plantae;Tracheophyta;Liliopsida;Alismatales;Araceae;Xanthosoma;;SPECIES
610fd2d9-c6c2-44ca-b2d6-ce32d5b8804a;CC_BY_4_0;;CEN;;occurrence;610fd2d9-c6c2-44ca-b2d6-ce32d5b8804a;19534789;15251.0;Bruno Machado Teles Walter;;1991-12-09;1991.0;12.0;9.0;BR;Em frente ao viveiro antigo da UHE Serra da Mesa (5 km da entrada norte do canteiro de obras). rea de infl.;;;;;;;;Xanthosoma striatipes (Kunth) Madison;Plantae;Tracheophyta;Liliopsida;Alismatales;Araceae;Xanthosoma;;SPECIES
87041dd8-71db-4d59-b44c-bea8da35bd90;CC_BY_4_0;;CEN;;occurrence;87041dd8-71db-4d59-b44c-bea8da35bd90;19534782;58727.0;Bruno Machado Teles Walter;;2001-01-24T00:00:00Z;2001.0;1.0;24.0;BR;1 Km aps a Balsa da Coterra (Minau / Cavalcante), entra a direita at o Rio Macaco. Cerca de 500 m aps este rio.;-13.585277;-48.080277;;;;;;Xanthosoma striatipes (Kunth) Madison;Plantae;Tracheophyta;Liliopsida;Alismatales;Araceae;Xanthosoma;;SPECIES
d5c042f1-c7a3-417b-96f6-a8ea9c562a31;CC_BY_4_0;;CEN;;occurrence;d5c042f1-c7a3-417b-96f6-a8ea9c562a31;19534783;44644.0;Luciano de Bem Bianchetti;;1991-12-11T00:00:00Z;1991.0;12.0;11.0;BR;Interior da mata.;-14.1514;-48.0783;;;;;;Xanthosoma pentaphyllum Engl.;Plantae;Tracheophyta;Liliopsida;Alismatales;Araceae;Xanthosoma;;SPECIES
c614ec5c-5483-4763-815a-8c8e68402f2b;CC_BY_4_0;;CEN;;occurrence;c614ec5c-5483-4763-815a-8c8e68402f2b;19533782;;Ldio Coradin;;1983-06-25T00:00:00Z;1983.0;6.0;25.0;BR;Rodovia Juazeiro - Senhor do Bonfim (BR-407) km 100.;-10.31667;-40.16667;;;;;;Vigna Savi;Plantae;Tracheophyta;Magnoliopsida;Fabales;Fabaceae;Vigna;;GENUS
06788282-a047-479b-a6de-b902a7c222a2;CC_BY_4_0;;CEN;;occurrence;06788282-a047-479b-a6de-b902a7c222a2;19533778;;Ldio Coradin;;1981-08-24T00:00:00Z;1981.0;8.0;24.0;BR;Itua - sada para Itanha.;-13.8;-41.3;;;;;;Vigna Savi;Plantae;Tracheophyta;Magnoliopsida;Fabales;Fabaceae;Vigna;;GENUS
6cba8156-73b3-4967-9c70-8a500c52a6f0;CC_BY_4_0;;CEN;;occurrence;6cba8156-73b3-4967-9c70-8a500c52a6f0;19533774;;Ldio Coradin;;1992-09-16T00:00:00Z;1992.0;9.0;16.0;BR;Estrada Rio de Contas - Livramento do Brumado, km 9.;-13.61667;-41.81667;;;;;;Vigna adenantha (E.Mey.) Maréchal, Mascherpa & Stainier;Plantae;Tracheophyta;Magnoliopsida;Fabales;Fabaceae;Vigna;;SPECIES
ea3d5603-669f-41e0-b17c-6f091011165e;CC_BY_4_0;;CEN;;occurrence;ea3d5603-669f-41e0-b17c-6f091011165e;19534787;31780.0;Bruno Machado Teles Walter;;1997-01-02T00:00:00Z;1997.0;1.0;2.0;BR;Fazenda Barreiro. Cerca de 6 km a sudoeste da sede do municpio.;-4.40806;-40.4378;;;;;;Xanthosoma pentaphyllum Engl.;Plantae;Tracheophyta;Liliopsida;Alismatales;Araceae;Xanthosoma;;SPECIES
b1c6c7b5-c281-4209-a186-deea811cc917;CC_BY_4_0;;CEN;;occurrence;b1c6c7b5-c281-4209-a186-deea811cc917;19534784;20120.0;Glocimar Pereira-Silva;;1993-11-28T00:00:00Z;1993.0;11.0;28.0;BR;Reserva Ecolgica do Guar.;-15.7797;-47.9297;;;;;;Xanthosoma striatipes (Kunth) Madison;Plantae;Tracheophyta;Liliopsida;Alismatales;Araceae;Xanthosoma;;SPECIES
7505e451-2a90-4102-8ea6-3c4ce6170bcf;CC_BY_4_0;;CEN;;occurrence;7505e451-2a90-4102-8ea6-3c4ce6170bcf;19533773;61444.0;Anderson Cssio Sevilha;;2005-05-22T00:00:00Z;2005.0;5.0;22.0;BR;Areio. Ponto 2.;-15.438888;-42.500833;;;;;;Vigna Savi;Plantae;Tracheophyta;Magnoliopsida;Fabales;Fabaceae;Vigna;;GENUS
f47edacb-c769-4c4b-9d9a-31e7696120dd;CC_BY_4_0;;CEN;;occurrence;f47edacb-c769-4c4b-9d9a-31e7696120dd;19533781;;Ldio Coradin;;1987-06-30T00:00:00Z;1987.0;6.0;30.0;BR;Rodovia Sobral - Tiangu (BR - 222), km 67, incio da subida da serra de Ibiapaba;-3.66667;-40.93333;;;;;;Vigna Savi;Plantae;Tracheophyta;Magnoliopsida;Fabales;Fabaceae;Vigna;;GENUS
ff57c8c8-20ee-4207-9cc4-f837be77f8af;CC_BY_4_0;;CEN;;occurrence;ff57c8c8-20ee-4207-9cc4-f837be77f8af;19534786;41166.0;Marina de Lourdes Fonseca Resende;;2000-10-27T00:00:00Z;2000.0;10.0;27.0;BR;Fazenda So Domingos. Prop.: Lincholn Pereira Resende.;-13.61833;-46.74111;;;;;;Xanthosoma pentaphyllum Engl.;Plantae;Tracheophyta;Liliopsida;Alismatales;Araceae;Xanthosoma;;SPECIES
ccb203c6-ea1d-4093-9664-e05ee1a30613;CC_BY_4_0;;CEN;;occurrence;ccb203c6-ea1d-4093-9664-e05ee1a30613;19533767;;Jos Francisco Montenegro Valls;;1991-05-20T00:00:00Z;1991.0;5.0;20.0;BR;90 Km de Balsas (rio Balsas) e 60 Km de Tasso Fragoso na estrada de Balsas a Alto Parnaba.;-8.47528;-45.7428;;;;;;Vigna Savi;Plantae;Tracheophyta;Magnoliopsida;Fabales;Fabaceae;Vigna;;GENUS
b2a3153b-62d9-43fd-a1cc-946e9ee3c7ab;CC_BY_4_0;;CEN;;occurrence;b2a3153b-62d9-43fd-a1cc-946e9ee3c7ab;19533788;4266.0;Antnio Costa Allem;;1979-10-04T00:00:00Z;1979.0;10.0;4.0;BR;Fazenda Santa Lcia.;;;;;;;;Vigna lasiocarpa (Benth.) Verdc.;Plantae;Tracheophyta;Magnoliopsida;Fabales;Fabaceae;Vigna;;SPECIES
a097ce16-2eb4-4095-808a-9683f25bfac4;CC_BY_4_0;;CEN;;occurrence;a097ce16-2eb4-4095-808a-9683f25bfac4;19533768;;Ldio Coradin;;1987-08-25T00:00:00Z;1987.0;8.0;25.0;BR;Rodovia Paraty - Angra dos Reis (BR - 101), km 54.;-22.95;-44.46667;;;;;;Vigna Savi;Plantae;Tracheophyta;Magnoliopsida;Fabales;Fabaceae;Vigna;;GENUS
d3e90fe4-fc36-4128-b1b9-5237b7d54561;CC_BY_4_0;;CEN;;occurrence;d3e90fe4-fc36-4128-b1b9-5237b7d54561;19533786;;Jos Francisco Montenegro Valls;;1985-10-11T00:00:00Z;1985.0;10.0;11.0;BR;Beira do rio Paraguai, em Morrinho. Banco de areia 100 m ao sul do sop do morro.;-19.506944;-57.431667;;;;;;Vigna luteola (Jacq.) Benth.;Plantae;Tracheophyta;Magnoliopsida;Fabales;Fabaceae;Vigna;;SPECIES
421e18aa-63e5-4d18-91f1-c80e33033067;CC_BY_4_0;;CEN;;occurrence;421e18aa-63e5-4d18-91f1-c80e33033067;19533740;;Glocimar Pereira-Silva;;2008-04-20T00:00:00Z;2008.0;4.0;20.0;BR;Estrada Babaulndia - Filadfia, km 2.;-7.220555;-47.763333;;;;;;Vigna Savi;Plantae;Tracheophyta;Magnoliopsida;Fabales;Fabaceae;Vigna;;GENUS
a9d50ea1-c1ef-4777-8748-e12795d2137b;CC_BY_4_0;;CEN;;occurrence;a9d50ea1-c1ef-4777-8748-e12795d2137b;19534781;27701.0;Bruno Machado Teles Walter;;1996-02-07T00:00:00Z;1996.0;2.0;7.0;BR;Estrada de terra da BR - 153 passando pela vila gua Branca, para a fazenda Porteira Grande, cerca de 6 km aps a sede da fazenda.;-14.390555;-49.003888;;;;;;Xanthosoma striatipes (Kunth) Madison;Plantae;Tracheophyta;Liliopsida;Alismatales;Araceae;Xanthosoma;;SPECIES
5d8e3f55-3492-43d2-b1c0-37c6ed16274b;CC_BY_4_0;;CEN;;occurrence;5d8e3f55-3492-43d2-b1c0-37c6ed16274b;19533741;;Glocimar Pereira-Silva;;2008-04-23T00:00:00Z;2008.0;4.0;23.0;BR;Rio Canabrava.;-7.281111;-47.722777;;;;;;Vigna adenantha (E.Mey.) Maréchal, Mascherpa & Stainier;Plantae;Tracheophyta;Magnoliopsida;Fabales;Fabaceae;Vigna;;SPECIES
6a0b9359-d16f-4d6f-9c77-eecc288d6c71;CC_BY_4_0;;CEN;;occurrence;6a0b9359-d16f-4d6f-9c77-eecc288d6c71;19533772;;Ldio Coradin;;1983-06-30T00:00:00Z;1983.0;6.0;30.0;BR;Estrada Xique Xique - Santo Incio km 29.;-11.08333;-42.71667;;;;;;Vigna Savi;Plantae;Tracheophyta;Magnoliopsida;Fabales;Fabaceae;Vigna;;GENUS
f68fdc5c-a3c0-4f3f-9e6a-493c65278fea;CC_BY_4_0;;CEN;;occurrence;f68fdc5c-a3c0-4f3f-9e6a-493c65278fea;19533779;;Ldio Coradin;;1981-08-24T00:00:00Z;1981.0;8.0;24.0;BR;Barra da Estiva - sada para Itua km 12.;-13.73333;-41.3;;;;;;Vigna Savi;Plantae;Tracheophyta;Magnoliopsida;Fabales;Fabaceae;Vigna;;GENUS
32420974-f6cc-4195-8712-4b5bbd92bb14;CC_BY_4_0;;CEN;;occurrence;32420974-f6cc-4195-8712-4b5bbd92bb14;19533775;;Luciano de Bem Bianchetti;;1988-05-19T00:00:00Z;1988.0;5.0;19.0;BR;28,1 km de Pimenteiras. Estrada Pimenteiras - Valena do Piau.;-6.2;-41.65;;;;;;Vigna Savi;Plantae;Tracheophyta;Magnoliopsida;Fabales;Fabaceae;Vigna;;GENUS
30e94bec-2d80-4e3a-bb47-5e842375791e;CC_BY_4_0;;CEN;;occurrence;30e94bec-2d80-4e3a-bb47-5e842375791e;19533783;;Ldio Coradin;;1992-09-20T00:00:00Z;1992.0;9.0;20.0;BR;Rodovia Itabuna - Aurelino Leal, km 33.;-14.6;-39.31667;;;;;;Vigna Savi;Plantae;Tracheophyta;Magnoliopsida;Fabales;Fabaceae;Vigna;;GENUS
7d6eefcc-9f66-44e9-a248-158132b948bb;CC_BY_4_0;;CEN;;occurrence;7d6eefcc-9f66-44e9-a248-158132b948bb;19533769;;Ldio Coradin;;1981-08-19T00:00:00Z;1981.0;8.0;19.0;BR;Rodovia Braslia - Fortaleza BR - 242, 93 km Leste de Barreiras.;-12.18333;-44.2;;;;;;Vigna Savi;Plantae;Tracheophyta;Magnoliopsida;Fabales;Fabaceae;Vigna;;GENUS
80ac71c9-a55d-4d9f-920a-fad8d6583c19;CC_BY_4_0;;CEN;;occurrence;80ac71c9-a55d-4d9f-920a-fad8d6583c19;19533776;;Ldio Coradin;;1987-08-28T00:00:00Z;1987.0;8.0;28.0;BR;Rodovia Casimiro de Abreu - Campos (BR - 101), km 94.;-21.88333;-41.55;;;;;;Vigna adenantha (E.Mey.) Maréchal, Mascherpa & Stainier;Plantae;Tracheophyta;Magnoliopsida;Fabales;Fabaceae;Vigna;;SPECIES
42bea9da-c180-413c-a7b2-3293140e9fa5;CC_BY_4_0;;CEN;;occurrence;42bea9da-c180-413c-a7b2-3293140e9fa5;19533752;;Glocimar Pereira-Silva;;2008-04-28T00:00:00Z;2008.0;4.0;28.0;BR;Estrada Carolina - Barra do Ouro, km 07.;-7.399722;-47.477222;;;;;;Vigna Savi;Plantae;Tracheophyta;Magnoliopsida;Fabales;Fabaceae;Vigna;;GENUS
3a4fc16a-6e12-4a4c-890a-76ec0855ec80;CC_BY_4_0;;CEN;;occurrence;3a4fc16a-6e12-4a4c-890a-76ec0855ec80;19533777;;Ldio Coradin;;1981-08-22T00:00:00Z;1981.0;8.0;22.0;BR;Rodovia Braslia - Fortaleza, 9 km oeste da entrada para Lenis.;-12.48333;-41.31667;;;;;;Vigna Savi;Plantae;Tracheophyta;Magnoliopsida;Fabales;Fabaceae;Vigna;;GENUS
b9bafd3f-75df-4c78-97e8-364402c7407b;CC_BY_4_0;;CEN;;occurrence;b9bafd3f-75df-4c78-97e8-364402c7407b;19533784;69379.0;Luciano Paganucci de Queiroz;;1996-08-30T00:00:00Z;1996.0;8.0;30.0;BR;Dunas de Itapu. atrs do Condomnio Stella Maris.;-12.9711;-38.5108;;;;;;Vigna halophila (Piper) Maréchal, Mascherpa & Stainier;Plantae;Tracheophyta;Magnoliopsida;Fabales;Fabaceae;Vigna;;SPECIES
5acb0f8e-c938-4b25-b2ac-bf40e6573651;CC_BY_4_0;;CEN;;occurrence;5acb0f8e-c938-4b25-b2ac-bf40e6573651;19533785;;Jos Francisco Montenegro Valls;;1985-10-29T00:00:00Z;1985.0;10.0;29.0;BR;1,5 km a sudoeste da ponte sobre o Rio Negro.;-19.329444;-55.184722;;;;;;Vigna luteola (Jacq.) Benth.;Plantae;Tracheophyta;Magnoliopsida;Fabales;Fabaceae;Vigna;;SPECIES
ea62bddb-fb2f-4b6b-9402-53de05465450;CC_BY_4_0;;CEN;;occurrence;ea62bddb-fb2f-4b6b-9402-53de05465450;19533718;2332.0;Antnio Costa Allem;;1978-08-26T00:00:00Z;1978.0;8.0;26.0;BR;;-14.1514;-48.0783;;;;;;Vigna candida (Vell.) Maréchal, Mascherpa & Stainier;Plantae;Tracheophyta;Magnoliopsida;Fabales;Fabaceae;Vigna;;SPECIES
ef6e51bd-bab5-4ca8-a4d4-85af03083481;CC_BY_4_0;;CEN;;occurrence;ef6e51bd-bab5-4ca8-a4d4-85af03083481;19533761;;Ldio Coradin;;1987-06-18T00:00:00Z;1987.0;6.0;18.0;BR;Rodovia Formosa - Alvorada (BR-020) Km 58.;-15.23333;-47.18333;;;;;;Vigna Savi;Plantae;Tracheophyta;Magnoliopsida;Fabales;Fabaceae;Vigna;;GENUS
9bc41adc-d5bb-43e2-bde6-bab9efda1d95;CC_BY_4_0;;CEN;;occurrence;9bc41adc-d5bb-43e2-bde6-bab9efda1d95;19533770;;Ldio Coradin;;1983-07-07T00:00:00Z;1983.0;7.0;7.0;BR;Rodovia (BR - 242) Ibotirama - Barreiras km 30.;-12.2;-43.5;;;;;;Vigna Savi;Plantae;Tracheophyta;Magnoliopsida;Fabales;Fabaceae;Vigna;;GENUS
f77f8de0-72c4-4ab9-a49b-a2ad5bb109f0;CC_BY_4_0;;CEN;;occurrence;f77f8de0-72c4-4ab9-a49b-a2ad5bb109f0;19533743;;Ernestino de S. Gomes Guarino;;2000-05-23T00:00:00Z;2000.0;5.0;23.0;BR;Reserva indgena Krah, aldeia Pedra Branca.;-8.30083;-47.63611;;;;;;Vigna Savi;Plantae;Tracheophyta;Magnoliopsida;Fabales;Fabaceae;Vigna;;GENUS
3c27124b-6780-4e35-b698-d852d3a9ca93;CC_BY_4_0;;CEN;;occurrence;3c27124b-6780-4e35-b698-d852d3a9ca93;19533755;;Ldio Coradin;;1987-07-04T00:00:00Z;1987.0;7.0;4.0;BR;Rodovia Imperatriz - Porto Franco (BR - 010), km 75.;-6.18333;-47.36667;;;;;;Vigna Savi;Plantae;Tracheophyta;Magnoliopsida;Fabales;Fabaceae;Vigna;;GENUS
90820f16-5414-40ae-a7b6-66b26450079e;CC_BY_4_0;;CEN;;occurrence;90820f16-5414-40ae-a7b6-66b26450079e;19533780;11526.0;Gilberto Pedralli;;1986-07-22T00:00:00Z;1986.0;7.0;22.0;BR;"A 67 KM DE MANTENA;";-18.75;-41.26667;;;;;;Vigna adenantha (E.Mey.) Maréchal, Mascherpa & Stainier;Plantae;Tracheophyta;Magnoliopsida;Fabales;Fabaceae;Vigna;;SPECIES
0a256add-9dbb-4e6a-b625-610788a47409;CC_BY_4_0;;CEN;;occurrence;0a256add-9dbb-4e6a-b625-610788a47409;19534785;41582.0;Marcelo Fragomeni Simon;;2001-05-11T00:00:00Z;2001.0;5.0;11.0;BR;Cachoeira da Velha. Norte. Crescendo na beira do Rio Novo.;-10.266666;-46.866666;;;;;;Xanthosoma striatipes (Kunth) Madison;Plantae;Tracheophyta;Liliopsida;Alismatales;Araceae;Xanthosoma;;SPECIES
c77d8328-4de1-477d-824e-94ac4ffa53ba;CC_BY_4_0;;CEN;;occurrence;c77d8328-4de1-477d-824e-94ac4ffa53ba;19533766;2305.0;Antnio Costa Allem;;1978-08-23T00:00:00Z;1978.0;8.0;23.0;BR;Rod. Belm-Braslia 10 km E Alvorada.;-14.4808;-46.4922;;;;;;Vigna Savi;Plantae;Tracheophyta;Magnoliopsida;Fabales;Fabaceae;Vigna;;GENUS
e3579562-5ca6-4f90-a390-afb5cd2fed24;CC_BY_4_0;;CEN;;occurrence;e3579562-5ca6-4f90-a390-afb5cd2fed24;19533760;;Nuno Maria de Sousa Costa;;1988-11-20T00:00:00Z;1988.0;11.0;20.0;BR;Beira de praia.;-0.65;-47.26667;;;;;;Vigna luteola (Jacq.) Benth.;Plantae;Tracheophyta;Magnoliopsida;Fabales;Fabaceae;Vigna;;SPECIES
3145c1bd-72e5-45f3-bde1-0fcb4b2016be;CC_BY_4_0;;CEN;;occurrence;3145c1bd-72e5-45f3-bde1-0fcb4b2016be;19533762;36306.0;Roberta Cunha de Mendona;;2000-04-11T00:00:00Z;2000.0;4.0;11.0;BR;Fazenda Ponta da Serra, propriedade do Sr. Rmulo Soares Veloso.;-13.21833;-46.79333;;;;;;Vigna Savi;Plantae;Tracheophyta;Magnoliopsida;Fabales;Fabaceae;Vigna;;GENUS
82687ed9-29ff-4bb5-8efb-00cfa388b545;CC_BY_4_0;;CEN;;occurrence;82687ed9-29ff-4bb5-8efb-00cfa388b545;19533706;16962.0;Bruno Machado Teles Walter;;1992-04-12T00:00:00Z;1992.0;4.0;12.0;BR;Ponte sobre o rio Bagagem, estrada Niquelndia - Colinas do Sul, 32,5 km de Niquelndia.;-14.36667;-48.2;;;;;;Vigna Savi;Plantae;Tracheophyta;Magnoliopsida;Fabales;Fabaceae;Vigna;;GENUS
ccc85320-0d47-439b-939f-63a1fef6139f;CC_BY_4_0;;CEN;;occurrence;ccc85320-0d47-439b-939f-63a1fef6139f;19533733;;Francisco Ferreira de Miranda Santos;;2004-08-10T00:00:00Z;2004.0;8.0;10.0;BR;Lago Norte. Cerrado prximo a beira do Lago Parano, prximo a QL 15.;-15.7797;-47.9297;;;;;;Vigna luteola (Jacq.) Benth.;Plantae;Tracheophyta;Magnoliopsida;Fabales;Fabaceae;Vigna;;SPECIES
be900d08-9059-47fa-8b19-a60e73ee8b5a;CC_BY_4_0;;CEN;;occurrence;be900d08-9059-47fa-8b19-a60e73ee8b5a;19533764;;Taciana Barbosa Cavalcanti;;2002-06-14T00:00:00Z;2002.0;6.0;14.0;BR;Parque Estadual do Jalapo. Estrada de terra Mateiros - Ponte Alta do Tocantins, a 21 km de Mateiros.;-10.60222;-46.5725;;;;;;Vigna adenantha (E.Mey.) Maréchal, Mascherpa & Stainier;Plantae;Tracheophyta;Magnoliopsida;Fabales;Fabaceae;Vigna;;SPECIES
0e9143c9-909f-4013-90c3-a6658836380c;CC_BY_4_0;;CEN;;occurrence;0e9143c9-909f-4013-90c3-a6658836380c;19533699;;Glocimar Pereira-Silva;;1999-06-22T00:00:00Z;1999.0;6.0;22.0;BR;Ilha Pedra Talhada, prximo  foz do rio Bagagem.;-13.945277;-48.281666;;;;;;Vigna Savi;Plantae;Tracheophyta;Magnoliopsida;Fabales;Fabaceae;Vigna;;GENUS
8dc40fea-efe4-4347-b9b8-f82634d37c75;CC_BY_4_0;;CEN;;occurrence;8dc40fea-efe4-4347-b9b8-f82634d37c75;19533758;;Bruno Machado Teles Walter;;2002-02-14T00:00:00Z;2002.0;2.0;14.0;BR;Regio da ponte sobre o rio Preto, a 29 km do entroncamento BsB/Una/Palmital. Na direo de Palmital. Divisa DF/MG;-16.0375;-47.30944;;;;;;Vigna Savi;Plantae;Tracheophyta;Magnoliopsida;Fabales;Fabaceae;Vigna;;GENUS
ef9d36b9-8f04-4fb0-ad54-c365566c5680;CC_BY_4_0;;CEN;;occurrence;ef9d36b9-8f04-4fb0-ad54-c365566c5680;19533749;;Renata Alves da Mata;;2009-11-26T00:00:00Z;2009.0;11.0;26.0;BR;Planaltina - DF. Fazenda Cooperbrs, Ncleo Rural do Rio Preto;-15.7575;-47.5575;;;;;;Vigna luteola (Jacq.) Benth.;Plantae;Tracheophyta;Magnoliopsida;Fabales;Fabaceae;Vigna;;SPECIES
bb0b150d-78dd-46f1-a436-5c4f815410c0;CC_BY_4_0;;CEN;;occurrence;bb0b150d-78dd-46f1-a436-5c4f815410c0;19533750;;Anderson Cssio Sevilha;;2004-03-29T00:00:00Z;2004.0;3.0;29.0;BR;Ponto 4 da fitossociologia. Fazenda Chaparral.;-12.946111;-47.537222;;;;;;Vigna Savi;Plantae;Tracheophyta;Magnoliopsida;Fabales;Fabaceae;Vigna;;GENUS
58276602-0750-46b7-8226-e6853a35e2ed;CC_BY_4_0;;CEN;;occurrence;58276602-0750-46b7-8226-e6853a35e2ed;19533714;;Glocimar Pereira-Silva;;2009-04-25T00:00:00Z;2009.0;4.0;25.0;BR;Estrada Tupiratins - Colinas do Tocantins, km 3 na TO - 432.;-8.383055;-48145.0;;;;;;Vigna Savi;Plantae;Tracheophyta;Magnoliopsida;Fabales;Fabaceae;Vigna;;GENUS
7cc16d29-13a2-4b4b-9f3c-2b6f53e79dff;CC_BY_4_0;;CEN;;occurrence;7cc16d29-13a2-4b4b-9f3c-2b6f53e79dff;19533746;;Anderson Cssio Sevilha;;2004-03-29T00:00:00Z;2004.0;3.0;29.0;BR;Ponto 27 da fitossociologia. Fazenda So Joo. Prop. Aldair Freire.;-12.921111;-47.561388;;;;;;Vigna Savi;Plantae;Tracheophyta;Magnoliopsida;Fabales;Fabaceae;Vigna;;GENUS
5c0bd1e5-3b45-4f89-8939-ae3630e24835;CC_BY_4_0;;CEN;;occurrence;5c0bd1e5-3b45-4f89-8939-ae3630e24835;19533735;;Jos Francisco Montenegro Valls;;1991-05-17T00:00:00Z;1991.0;5.0;17.0;BR;Cerca de 10 Km de Rio Sono ao longo da estrada que sai para sudeste da cidade.;-9.34361;-47.9019;;;;;;Vigna Savi;Plantae;Tracheophyta;Magnoliopsida;Fabales;Fabaceae;Vigna;;GENUS
9329e596-02d0-4f91-ad75-83637249e9e9;CC_BY_4_0;;CEN;;occurrence;9329e596-02d0-4f91-ad75-83637249e9e9;19533759;;Glocimar Pereira-Silva;;2002-03-28T00:00:00Z;2002.0;3.0;28.0;BR;Prximo ao desembocadouro do tnel de fuga - AHE Queimado.;-16.21361;-47.29111;;;;;;Vigna Savi;Plantae;Tracheophyta;Magnoliopsida;Fabales;Fabaceae;Vigna;;GENUS
2ce8c9a0-8935-4797-9662-feac11d711d5;CC_BY_4_0;;CEN;;occurrence;2ce8c9a0-8935-4797-9662-feac11d711d5;19533736;31979.0;Bruno Machado Teles Walter;;1995-03-30T00:00:00Z;1995.0;3.0;30.0;BR;Fazenda gua Limpa/UnB. Coletada na poro final da mata, a especie  rara, sendo encontrada entre a poro central e o final da mata.;-15.933333;-47.9;;;;;;Vigna Savi;Plantae;Tracheophyta;Magnoliopsida;Fabales;Fabaceae;Vigna;;GENUS
1afb414f-d4d2-4e3a-aef8-5f1815ebae2d;CC_BY_4_0;;CEN;;occurrence;1afb414f-d4d2-4e3a-aef8-5f1815ebae2d;19533748;;Renata Alves da Mata;;2009-05-28T00:00:00Z;2009.0;5.0;28.0;BR;Planaltina - DF. Fazenda Cooperbrs, Ncleo Rural do Rio Preto;-15.7575;-47.5575;;;;;;Vigna luteola (Jacq.) Benth.;Plantae;Tracheophyta;Magnoliopsida;Fabales;Fabaceae;Vigna;;SPECIES
6358f460-6453-4fc0-97e5-c49e91e331bd;CC_BY_4_0;;CEN;;occurrence;6358f460-6453-4fc0-97e5-c49e91e331bd;19533757;;Glocimar Pereira-Silva;;2002-03-08T00:00:00Z;2002.0;3.0;8.0;BR;rea de Cerrado a Oeste do escritrio da obra.;-16.21278;-47325.0;;;;;;Vigna Savi;Plantae;Tracheophyta;Magnoliopsida;Fabales;Fabaceae;Vigna;;GENUS
9e108fcb-da3a-4762-a2c7-d410e55d3f06;CC_BY_4_0;;CEN;;occurrence;9e108fcb-da3a-4762-a2c7-d410e55d3f06;19533732;996.0;V. Patio;;;;;;BR;Cultivado em campo experimental do CPAC da Embrapa.;-15.7797;-47.9297;;;;;;Vigna luteola (Jacq.) Benth.;Plantae;Tracheophyta;Magnoliopsida;Fabales;Fabaceae;Vigna;;SPECIES
ea624795-01cb-4f66-86ae-a330a28bf677;CC_BY_4_0;;CEN;;occurrence;ea624795-01cb-4f66-86ae-a330a28bf677;19533689;78727.0;Tnia Maria Moura;;2008-07-30T00:00:00Z;2008.0;7.0;30.0;BR;Parque Estadual da Serra de Caldas Novas.;-17.773888;-48.732222;;;;;;Vigna Savi;Plantae;Tracheophyta;Magnoliopsida;Fabales;Fabaceae;Vigna;;GENUS
edc12b47-c8ac-4ff7-99a3-1f88d00427c3;CC_BY_4_0;;CEN;;occurrence;edc12b47-c8ac-4ff7-99a3-1f88d00427c3;19533751;;Glocimar Pereira-Silva;;2008-04-26T00:00:00Z;2008.0;4.0;26.0;BR;Estrada Carolina porto de Babaulndia, 3 ponte.;-7.299167;-47.477777;;;;;;Vigna Savi;Plantae;Tracheophyta;Magnoliopsida;Fabales;Fabaceae;Vigna;;GENUS
6414da51-839a-4271-8300-6469c3d15535;CC_BY_4_0;;CEN;;occurrence;6414da51-839a-4271-8300-6469c3d15535;19533771;;Aldicir Osni Scariot;;1989-02-10T00:00:00Z;1989.0;2.0;10.0;BR;Morro do Itacolomy, nas torres de tv e rdio, km 8.;-20.33333;-43.43333;;;;;;Vigna Savi;Plantae;Tracheophyta;Magnoliopsida;Fabales;Fabaceae;Vigna;;GENUS
945ea599-e7e3-4211-a8d0-d0ba32a0cd62;CC_BY_4_0;;CEN;;occurrence;945ea599-e7e3-4211-a8d0-d0ba32a0cd62;19533719;;Glocimar Pereira-Silva;;2001-01-24T00:00:00Z;2001.0;1.0;24.0;BR;s margens do rio Macaco (local Serra Branca).;-13.59889;-48.07028;;;;;;Vigna Savi;Plantae;Tracheophyta;Magnoliopsida;Fabales;Fabaceae;Vigna;;GENUS
11bb7cd2-126b-40c8-81e5-6293838e2acd;CC_BY_4_0;;CEN;;occurrence;11bb7cd2-126b-40c8-81e5-6293838e2acd;19533724;;Rodolfo de Paula Oliveira;;2013-01-18T00:00:00Z;2013.0;1.0;18.0;BR;Fazenda Sucupira (Crrego Riacho Fundo);-15.906944;-48.009444;;;;;;Vigna Savi;Plantae;Tracheophyta;Magnoliopsida;Fabales;Fabaceae;Vigna;;GENUS
897f3773-c540-49f5-a708-e9e52425dda9;CC_BY_4_0;;CEN;;occurrence;897f3773-c540-49f5-a708-e9e52425dda9;19533744;61238.0;Anderson Cssio Sevilha;;2004-03-31T00:00:00Z;2004.0;3.0;31.0;BR;Ponto 33 da fitossociologia.;-12.832777;-47.628888;;;;;;Vigna Savi;Plantae;Tracheophyta;Magnoliopsida;Fabales;Fabaceae;Vigna;;GENUS
4a1f1e86-9f35-49df-9c32-32587f350e8a;CC_BY_4_0;;CEN;;occurrence;4a1f1e86-9f35-49df-9c32-32587f350e8a;19533698;44317.0;Ldio Coradin;;1984-10-30T00:00:00Z;1984.0;10.0;30.0;BR;Rodovia Braslia - Anpolis (BR-060), margem esquerda do rio Descoberto.;-16.1;-48.28333;;;;;;Vigna longifolia (Benth.) Verdc.;Plantae;Tracheophyta;Magnoliopsida;Fabales;Fabaceae;Vigna;;SPECIES
7cdec0c3-057c-4ab6-bf8a-222d03c0e516;CC_BY_4_0;;CEN;;occurrence;7cdec0c3-057c-4ab6-bf8a-222d03c0e516;19533708;67699.0;Glocimar Pereira-Silva;;2007-03-24T00:00:00Z;2007.0;3.0;24.0;BR;Estrada de acesso ao vilarejo Rozario, + ou - 3 km aps a entrada principal da obra.;-12795.0;-48.199444;;;;;;Vigna luteola (Jacq.) Benth.;Plantae;Tracheophyta;Magnoliopsida;Fabales;Fabaceae;Vigna;;SPECIES
fdbd67b5-d1c5-49a5-b37a-d1b21411cd5e;CC_BY_4_0;;CEN;;occurrence;fdbd67b5-d1c5-49a5-b37a-d1b21411cd5e;19533651;;Jos Francisco Montenegro Valls;;2012-05-21T00:00:00Z;2012.0;5.0;21.0;BR;Porto da Manga, ponto da balsa, na margem leste do rio Paraguai.;-19.259444;-57.233055;;;;;;Vigna lasiocarpa (Benth.) Verdc.;Plantae;Tracheophyta;Magnoliopsida;Fabales;Fabaceae;Vigna;;SPECIES
68836865-185a-44ad-97df-6d6c0ff246ce;CC_BY_4_0;;CEN;;occurrence;68836865-185a-44ad-97df-6d6c0ff246ce;19533763;55262.0;Acio Amaral-Santos;;2004-03-12T00:00:00Z;2004.0;3.0;12.0;BR;Sada da Fazenda dos Alagoanos, em direo  Estiva, beira da estrada.;-13.648055;-46.596111;;;;;;Vigna Savi;Plantae;Tracheophyta;Magnoliopsida;Fabales;Fabaceae;Vigna;;GENUS
e7d05084-7877-4774-ab38-5c9a70dd44f4;CC_BY_4_0;;CEN;;occurrence;e7d05084-7877-4774-ab38-5c9a70dd44f4;19533669;;Ldio Coradin;;1984-09-16T00:00:00Z;1984.0;9.0;16.0;BR;Rodovia Nova Xavantina - Barra do Garas (BR - 158), km 26.;-14.9;-52.28333;;;;;;Vigna Savi;Plantae;Tracheophyta;Magnoliopsida;Fabales;Fabaceae;Vigna;;GENUS
fcc9fee5-056c-430f-a614-a4eac4107bd5;CC_BY_4_0;;CEN;;occurrence;fcc9fee5-056c-430f-a614-a4eac4107bd5;19533716;;Glocimar Pereira-Silva;;2001-04-17T00:00:00Z;2001.0;4.0;17.0;BR;Rio Tocantins na localidade de Trs Galhos.;-13.63861;-48.13167;;;;;;Vigna luteola (Jacq.) Benth.;Plantae;Tracheophyta;Magnoliopsida;Fabales;Fabaceae;Vigna;;SPECIES
5f52fb7f-72cc-4d9d-870d-6f41ff82b001;CC_BY_4_0;;CEN;;occurrence;5f52fb7f-72cc-4d9d-870d-6f41ff82b001;19533709;;Glocimar Pereira-Silva;;2001-04-19T00:00:00Z;2001.0;4.0;19.0;BR;Estrada Mina - balsa do Rubo km 10, entrada  esquerda (rio Cigarra).;-13.63639;-48.16667;;;;;;Vigna Savi;Plantae;Tracheophyta;Magnoliopsida;Fabales;Fabaceae;Vigna;;GENUS
22c9d6df-f3b0-40d7-a1f8-90b421841c07;CC_BY_4_0;;CEN;;occurrence;22c9d6df-f3b0-40d7-a1f8-90b421841c07;19533693;;Glocimar Pereira-Silva;;2004-04-23T00:00:00Z;2004.0;4.0;23.0;BR;Margem esquerda do rio Araguaia, mata da Fundao. Fazenda Andorinhas, retiro Santa Cruz.;-6.230555;-48.428611;;;;;;Vigna Savi;Plantae;Tracheophyta;Magnoliopsida;Fabales;Fabaceae;Vigna;;GENUS
6187531d-6b2c-491c-934e-51e86fc1de1d;CC_BY_4_0;;CEN;;occurrence;6187531d-6b2c-491c-934e-51e86fc1de1d;19533702;;Glocimar Pereira-Silva;;2006-06-07T00:00:00Z;2006.0;6.0;7.0;BR;Canteiro de obras do UHE So Salvador, eixo da barragem.;-12.807777;-48.238333;;;;;;Vigna longifolia (Benth.) Verdc.;Plantae;Tracheophyta;Magnoliopsida;Fabales;Fabaceae;Vigna;;SPECIES
dd5c2f1a-7fbb-4a30-9528-e398a0fa8812;CC_BY_4_0;;CEN;;occurrence;dd5c2f1a-7fbb-4a30-9528-e398a0fa8812;19533711;;Glocimar Pereira-Silva;;2001-05-24T00:00:00Z;2001.0;5.0;24.0;BR;Estrada de acesso  casa de visitas.;-13.4;-48.16111;;;;;;Vigna Savi;Plantae;Tracheophyta;Magnoliopsida;Fabales;Fabaceae;Vigna;;GENUS
67733f96-9c81-424f-a410-6359ca825059;CC_BY_4_0;;CEN;;occurrence;67733f96-9c81-424f-a410-6359ca825059;19533710;;Glocimar Pereira-Silva;;2001-05-24T00:00:00Z;2001.0;5.0;24.0;BR;Estrada de acesso  casa de visitas.;-13.4;-48.16111;;;;;;Vigna Savi;Plantae;Tracheophyta;Magnoliopsida;Fabales;Fabaceae;Vigna;;GENUS
016e7736-1992-46f6-8574-f0e1b181b5da;CC_BY_4_0;;CEN;;occurrence;016e7736-1992-46f6-8574-f0e1b181b5da;19533678;;Nuno Maria de Sousa Costa;;1988-08-22T00:00:00Z;1988.0;8.0;22.0;BR;Ptio dos Servios de Extenso Rural.;0.05;-51.066666;;;;;;Vigna Savi;Plantae;Tracheophyta;Magnoliopsida;Fabales;Fabaceae;Vigna;;GENUS
2d1b9f88-b5dc-4bd3-a548-8e9cf2771ce9;CC_BY_4_0;;CEN;;occurrence;2d1b9f88-b5dc-4bd3-a548-8e9cf2771ce9;19533703;;Glocimar Pereira-Silva;;2006-06-19T00:00:00Z;2006.0;6.0;19.0;BR;Canteiro de obras do UHE So Salvador (rea do bota-fora).;-12.81;-48.235555;;;;;;Vigna Savi;Plantae;Tracheophyta;Magnoliopsida;Fabales;Fabaceae;Vigna;;GENUS
20ce73e7-04cf-445c-9a39-a4349fcbd130;CC_BY_4_0;;CEN;;occurrence;20ce73e7-04cf-445c-9a39-a4349fcbd130;19533690;78903.0;Daniela Incio Junqueira;;2008-03-20T00:00:00Z;2008.0;3.0;20.0;BR;Parque Estadual da Serra de Caldas.;-17.7417;-48625.0;;;;;;Vigna Savi;Plantae;Tracheophyta;Magnoliopsida;Fabales;Fabaceae;Vigna;;GENUS
9c111781-9a3e-4f4c-8273-2682e559fae3;CC_BY_4_0;;CEN;;occurrence;9c111781-9a3e-4f4c-8273-2682e559fae3;19533695;;Jos Francisco Montenegro Valls;;1991-05-18T00:00:00Z;1991.0;5.0;18.0;BR;Entre Miracema do Tocantins e Miranorte.;-9.56722;-48.3917;;;;;;Vigna Savi;Plantae;Tracheophyta;Magnoliopsida;Fabales;Fabaceae;Vigna;;GENUS
5ba74801-1109-444f-87cf-380d1b8e27aa;CC_BY_4_0;;CEN;;occurrence;5ba74801-1109-444f-87cf-380d1b8e27aa;19533704;;Glocimar Pereira-Silva;;2006-06-05T00:00:00Z;2006.0;6.0;5.0;BR;Canteiro de obras do UHE So Salvador.;-12.799166;-48.228611;;;;;;Vigna luteola (Jacq.) Benth.;Plantae;Tracheophyta;Magnoliopsida;Fabales;Fabaceae;Vigna;;SPECIES
5aa608e0-30d6-4eca-b411-87187fb34028;CC_BY_4_0;;CEN;;occurrence;5aa608e0-30d6-4eca-b411-87187fb34028;19533717;;Glocimar Pereira-Silva;;2001-04-17T00:00:00Z;2001.0;4.0;17.0;BR;Margem direita do rio Tocantins, cerca de 800 m da balsa Serra Branca (COTERRA).;-13.58333;-48.1075;;;;;;Vigna adenantha (E.Mey.) Maréchal, Mascherpa & Stainier;Plantae;Tracheophyta;Magnoliopsida;Fabales;Fabaceae;Vigna;;SPECIES
86c4f9af-1b1a-4004-9389-3178fe2fd1f4;CC_BY_4_0;;CEN;;occurrence;86c4f9af-1b1a-4004-9389-3178fe2fd1f4;19533715;;Glocimar Pereira-Silva;;2001-05-22T00:00:00Z;2001.0;5.0;22.0;BR;Canteiro de obras, prximo  estao de tratamento de gua.;-13.39528;-48.13694;;;;;;Vigna Savi;Plantae;Tracheophyta;Magnoliopsida;Fabales;Fabaceae;Vigna;;GENUS
565d89f7-3478-4011-b34e-9f5e54f798bd;CC_BY_4_0;;CEN;;occurrence;565d89f7-3478-4011-b34e-9f5e54f798bd;19533657;;Jos Francisco Montenegro Valls;;1985-10-23T00:00:00Z;1985.0;10.0;23.0;BR;11,3 km ao sul da ponte sobre o rio Pixaim, na estrada Transpantaneira.;-16.846388;-56.836944;;;;;;Vigna Savi;Plantae;Tracheophyta;Magnoliopsida;Fabales;Fabaceae;Vigna;;GENUS
b9846419-6fda-47b9-8676-28eebe5c2c97;CC_BY_4_0;;CEN;;occurrence;b9846419-6fda-47b9-8676-28eebe5c2c97;19533697;50659.0;Glocimar Pereira-Silva;;2003-06-07T00:00:00Z;2003.0;6.0;7.0;BR;Fazenda do Sr. Jorge Meireles, margem direita do rio Corumb.;-16.31972;-48.30222;;;;;;Vigna caracalla (L.) Verdc.;Plantae;Tracheophyta;Magnoliopsida;Fabales;Fabaceae;Vigna;;SPECIES
dba11ca1-9e80-4392-b7c0-f144a3322cf4;CC_BY_4_0;;CEN;;occurrence;dba11ca1-9e80-4392-b7c0-f144a3322cf4;19533701;84402.0;Glocimar Pereira-Silva;;2008-06-14T00:00:00Z;2008.0;6.0;14.0;BR;Estrada de acesso s torres 86 a 100, lagoa artificial.;-13.111944;-48.240833;;;;;;Vigna Savi;Plantae;Tracheophyta;Magnoliopsida;Fabales;Fabaceae;Vigna;;GENUS
48503c95-9b74-4241-a4f5-b54b27fa4280;CC_BY_4_0;;CEN;;occurrence;48503c95-9b74-4241-a4f5-b54b27fa4280;19532615;64718.0;Glocimar Pereira-Silva;;2006-06-19T00:00:00Z;2006.0;6.0;19.0;BR;Canteiro de obras do UHE So Salvador (rea do bota-fora).;-12.6153;-47.8831;;;;;;Vanilla palmarum Lindl.;Plantae;Tracheophyta;Liliopsida;Asparagales;Orchidaceae;Vanilla;;SPECIES
cf56e55b-6a92-4948-8900-0d380ca207f3;CC_BY_4_0;;CEN;;occurrence;cf56e55b-6a92-4948-8900-0d380ca207f3;19533734;;Jos Francisco Montenegro Valls;;1991-05-17T00:00:00Z;1991.0;5.0;17.0;BR;Cerca de 10 Km de Rio Sono ao longo da estrada que sai para sudeste da cidade.;-9.34361;-47.9019;;;;;;Vigna Savi;Plantae;Tracheophyta;Magnoliopsida;Fabales;Fabaceae;Vigna;;GENUS
5e9cef64-3a8d-4c37-a4ca-3cc9fce862cf;CC_BY_4_0;;CEN;;occurrence;5e9cef64-3a8d-4c37-a4ca-3cc9fce862cf;19533694;;Glocimar Pereira-Silva;;2003-06-02T00:00:00Z;2003.0;6.0;2.0;BR;Faz. do Sr. Jeov (margem esquerda do ribeiro So Roque, prximo a fz).;-16.29194;-48.4075;;;;;;Vigna Savi;Plantae;Tracheophyta;Magnoliopsida;Fabales;Fabaceae;Vigna;;GENUS
45b92d12-641e-496a-9f54-91c7be0d506f;CC_BY_4_0;;CEN;;occurrence;45b92d12-641e-496a-9f54-91c7be0d506f;19533753;;Glocimar Pereira-Silva;;2010-05-21T00:00:00Z;2010.0;5.0;21.0;BR;Estrada BR - 230 Barra do Ouro, km 2 (Crrego Grota Seca).;-7.378889;-47.418333;;;;;;Vigna Savi;Plantae;Tracheophyta;Magnoliopsida;Fabales;Fabaceae;Vigna;;GENUS
61e67a37-b298-4fa9-8bf8-42240ed89f9c;CC_BY_4_0;;CEN;;occurrence;61e67a37-b298-4fa9-8bf8-42240ed89f9c;19533658;;Jos Francisco Montenegro Valls;;1985-10-23T00:00:00Z;1985.0;10.0;23.0;BR;Cerca de 1o km a noroeste da beira do rio Cuiab em Porto Jofre, (estrada Transpantaneira).;-17.303611;-56.8325;;;;;;Vigna adenantha (E.Mey.) Maréchal, Mascherpa & Stainier;Plantae;Tracheophyta;Magnoliopsida;Fabales;Fabaceae;Vigna;;SPECIES
5bcfa276-9ec6-4c9c-befb-b975af6935da;CC_BY_4_0;;CEN;;occurrence;5bcfa276-9ec6-4c9c-befb-b975af6935da;19533674;;Nuno Maria de Sousa Costa;;1988-08-26T00:00:00Z;1988.0;8.0;26.0;BR;A 9 km do entroncamento da BR-156, junto do rio Matap.;0.116667;-51.18333;;;;;;Vigna luteola (Jacq.) Benth.;Plantae;Tracheophyta;Magnoliopsida;Fabales;Fabaceae;Vigna;;SPECIES
37c33442-b7ce-4a04-a760-9bc164198517;CC_BY_4_0;;CEN;;occurrence;37c33442-b7ce-4a04-a760-9bc164198517;19533707;17008.0;Bruno Machado Teles Walter;;1992-04-13T00:00:00Z;1992.0;4.0;13.0;BR;Estrada de terra vicinal  GO - 237. Entrada a 1 km da ponte sobre o rio Bagagem, estrada Niquelndia - Colinas do Sul.;-14.35;-48.2;;;;;;Vigna Savi;Plantae;Tracheophyta;Magnoliopsida;Fabales;Fabaceae;Vigna;;GENUS
cf87aa5e-5c2d-4cd7-bc6e-78c66222a63c;CC_BY_4_0;;CEN;;occurrence;cf87aa5e-5c2d-4cd7-bc6e-78c66222a63c;19533681;;Jos Francisco Montenegro Valls;;1990-06-06T00:00:00Z;1990.0;6.0;6.0;BR;Margem oeste do rio dos Bois, ao norte da rodovia GO - 060, entre Ruibarbo e Nazrio.;-16.5817;-49.8817;;;;;;Vigna Savi;Plantae;Tracheophyta;Magnoliopsida;Fabales;Fabaceae;Vigna;;GENUS
a63e418d-1f3c-4e75-87fd-20cd68e1f4a0;CC_BY_4_0;;CEN;;occurrence;a63e418d-1f3c-4e75-87fd-20cd68e1f4a0;19533676;;Nuno Maria de Sousa Costa;;1988-08-23T00:00:00Z;1988.0;8.0;23.0;BR;Rodovia Duque de Caxias, cerca de 500 m aps o quartel do exrcito.;0.03333;-51.08333;;;;;;Vigna Savi;Plantae;Tracheophyta;Magnoliopsida;Fabales;Fabaceae;Vigna;;GENUS
7116186e-806c-4e94-9a16-0eb5442aba67;CC_BY_4_0;;CEN;;occurrence;7116186e-806c-4e94-9a16-0eb5442aba67;19533655;;Ldio Coradin;;1984-08-27T00:00:00Z;1984.0;8.0;27.0;BR;Rodovia Arenpolis - Marilndia (MT-160) km 1.;-14.45;-56.86667;;;;;;Vigna Savi;Plantae;Tracheophyta;Magnoliopsida;Fabales;Fabaceae;Vigna;;GENUS
acf57fc9-fa60-4757-8e12-aa71bb41b8fb;CC_BY_4_0;;CEN;;occurrence;acf57fc9-fa60-4757-8e12-aa71bb41b8fb;19533684;17484.0;Bruno Machado Teles Walter;;1992-07-09T00:00:00Z;1992.0;7.0;9.0;BR;Fazenda Baio, sede  26 km de Urua, na margem esquerda do rio das Almas. Mata prxima ao rio.;-14.63333;-49.03333;;;;;;Vigna Savi;Plantae;Tracheophyta;Magnoliopsida;Fabales;Fabaceae;Vigna;;GENUS
4fecc607-927c-4105-af69-23fb78062e57;CC_BY_4_0;;CEN;;occurrence;4fecc607-927c-4105-af69-23fb78062e57;19533675;;Nuno Maria de Sousa Costa;;1988-08-26T00:00:00Z;1988.0;8.0;26.0;BR;A 9 km do entroncamento da BR-156, junto do rio Matap.;0.116667;-51.18333;;;;;;Vigna Savi;Plantae;Tracheophyta;Magnoliopsida;Fabales;Fabaceae;Vigna;;GENUS
acfd76cf-2464-42db-889a-d080c3a2b6ef;CC_BY_4_0;;CEN;;occurrence;acfd76cf-2464-42db-889a-d080c3a2b6ef;19533680;;Nuno Maria de Sousa Costa;;1988-09-02T00:00:00Z;1988.0;9.0;2.0;BR;BR-156, 12 km do trevo de Amap para Tartarugalzinho.;1.833333;-50.883333;;;;;;Vigna Savi;Plantae;Tracheophyta;Magnoliopsida;Fabales;Fabaceae;Vigna;;GENUS
00f7ebbf-2678-4633-ba09-16947a039713;CC_BY_4_0;;CEN;;occurrence;00f7ebbf-2678-4633-ba09-16947a039713;19533660;;Jos Francisco Montenegro Valls;;1985-10-16T00:00:00Z;1985.0;10.0;16.0;BR;Fazenda Campo Dora, a 4,7 km W da sede, em direo  fazenda So Jos.;-18.933333;-56.683333;;;;;;Vigna Savi;Plantae;Tracheophyta;Magnoliopsida;Fabales;Fabaceae;Vigna;;GENUS
1d1e79e5-d0cd-4dc9-bf3d-d289eed664a6;CC_BY_4_0;;CEN;;occurrence;1d1e79e5-d0cd-4dc9-bf3d-d289eed664a6;19533673;;Nuno Maria de Sousa Costa;;1988-08-26T00:00:00Z;1988.0;8.0;26.0;BR;A 30 km do entroncamento da BR-156, Ponte do rio Marnanum.;0.183333;-51.26667;;;;;;Vigna Savi;Plantae;Tracheophyta;Magnoliopsida;Fabales;Fabaceae;Vigna;;GENUS
7ee9605e-95f2-442d-8487-6e83ec309044;CC_BY_4_0;;CEN;;occurrence;7ee9605e-95f2-442d-8487-6e83ec309044;19533662;;Ldio Coradin;;1984-08-25T00:00:00Z;1984.0;8.0;25.0;BR;Rodovia Cuiab - Cceres BR - 070, km 50.;-15.76667;-56.6;;;;;;Vigna Savi;Plantae;Tracheophyta;Magnoliopsida;Fabales;Fabaceae;Vigna;;GENUS
fbdde8d0-e915-4661-bc4e-8252b6a09aa0;CC_BY_4_0;;CEN;;occurrence;fbdde8d0-e915-4661-bc4e-8252b6a09aa0;19533668;9774.0;Gilberto Pedralli;;1982-07-25T00:00:00Z;1982.0;7.0;25.0;BR;MATA GALERIA. RIACHO A 64 KM OESTE DO MUNICIPIO CITADO;-14.41667;-52.75;;;;;;Vigna lasiocarpa (Benth.) Verdc.;Plantae;Tracheophyta;Magnoliopsida;Fabales;Fabaceae;Vigna;;SPECIES
a9691752-7b2a-40ce-b40d-9c8c216f90f6;CC_BY_4_0;;CEN;;occurrence;a9691752-7b2a-40ce-b40d-9c8c216f90f6;19533659;;Jos Francisco Montenegro Valls;;1985-10-23T00:00:00Z;1985.0;10.0;23.0;BR;Estrada de acesso ao hotel de Porto Jofre, desde a estrada Transpantaneira.;-17.353333;-56.770555;;;;;;Vigna luteola (Jacq.) Benth.;Plantae;Tracheophyta;Magnoliopsida;Fabales;Fabaceae;Vigna;;SPECIES
2fb84a2d-f9bd-4f78-81be-f95503e3f138;CC_BY_4_0;;CEN;;occurrence;2fb84a2d-f9bd-4f78-81be-f95503e3f138;19533667;9772.0;Gilberto Pedralli;;1982-07-25T00:00:00Z;1982.0;7.0;25.0;BR;16 KM DO POSTO CENTRAL RESERVA INDIGENA COUTO MAGALHAES;-14.21667;-52.93333;;;;;;Vigna caracalla (L.) Verdc.;Plantae;Tracheophyta;Magnoliopsida;Fabales;Fabaceae;Vigna;;SPECIES
